{
    "accuracy": 0.9827267119062307,
    "best_parameters": {
        "learning_rate": 0.004174003510706967,
        "weight_decay": 0.0009743301033360753,
        "dropout": 0.21222920791578329
    }
}